E1010employee.csv,Ram,Singh,ram.singh@gmail.com,55
E101employee.csv,Ram,Singh,ram.singh@gmail.com,55
E102employee.csv,Shyam,Singh,shyam.singh@gmail.com,45
E103employee.csv,Mohan,Reddy,mohan.reddy@gmail.com,49
E104employee.csv,Sohan,Kumar,sohan.singh@gmail.com,55
E105employee.csv,Sachin,Tendulkar,sachin.tendulkar@gmail.com,45
E106employee.csv,James,Gosling,james@gmail.com,49
E107employee.csv,Java,CodingSkills,javacodingskills@gmail.com,55
E108employee.csv,Spring,Batch,spring.batch@gmail.com,45
